URL,Spoken name

https://mail.google.com/,gmail
https://www.youtube.com/,youtube
https://www.youtube.com/feed/subscriptions,subs
https://www.twitter.com/,twitter
https://www.reddit.com/,reddit
https://www.netflix.com/,netflix
https://www.mousehuntgame.com/,mousehunt
https://www.reddit.com/r/newzealand,reddit new zealand
https://www.reddit.com/r/newzealand,RNZ
https://www.reddit.com/r/anime,R anime
https://www.reddit.com/r/manga,R manga
https://www.reddit.com/r/arknights,R arknights
https://gamepress.gg/arknights/tools/arknights-recruitment-tag-filter,arknights calculator